emotion,confidence,timestamp
neutral,0.51,1767000706.4517395
neutral,0.55,1767000706.5939076
neutral,0.44,1767000706.7266672
neutral,0.63,1767000706.8811958
angry,0.3,1767000707.0504076
neutral,0.76,1767000707.199729
neutral,0.77,1767000707.3275924
neutral,0.82,1767000707.468648
neutral,0.71,1767000707.6479707
neutral,0.72,1767000707.8061116
neutral,0.83,1767000707.9642
neutral,0.79,1767000708.1102962
happy,0.92,1767000708.2654066
happy,0.86,1767000708.4372406
happy,0.89,1767000708.5845573
happy,0.9,1767000708.727877
happy,0.83,1767000708.884056
happy,0.81,1767000709.0363443
happy,0.82,1767000709.2014148
happy,0.57,1767000709.3294039
neutral,0.89,1767000709.4579067
neutral,0.7,1767000709.5979528
neutral,0.4,1767000709.7426417
neutral,0.37,1767000709.8917456
neutral,0.5,1767000710.045708
neutral,0.54,1767000710.2013931
neutral,0.58,1767000710.355866
neutral,0.49,1767000710.5116475
neutral,0.45,1767000710.6630087
neutral,0.45,1767000710.8336902
sad,0.31,1767000710.9732819
neutral,0.5,1767000711.1234937
happy,0.3,1767000711.2657979
neutral,0.39,1767000711.407388
sad,0.38,1767000711.5559855
sad,0.38,1767000711.7023368
neutral,0.35,1767000711.8583639
neutral,0.31,1767000711.9898865
sad,0.34,1767000712.1360254
neutral,0.31,1767000712.2877364
sad,0.32,1767000712.437727
sad,0.3,1767000712.558839
sad,0.28,1767000712.691621
neutral,0.45,1767000712.8233576
neutral,0.52,1767000712.9757254
neutral,0.47,1767000713.1232054
neutral,0.51,1767000713.2629712
neutral,0.65,1767000713.39312
neutral,0.66,1767000713.5257185
neutral,0.51,1767000713.673124
fear,0.3,1767000713.8244557
angry,0.4,1767000713.9633143
angry,0.3,1767000714.0985968
fear,0.41,1767000714.22229
fear,0.41,1767000714.3592618
fear,0.45,1767000714.4984558
fear,0.45,1767000714.6337225
fear,0.53,1767000714.7929177
fear,0.46,1767000714.9320865
fear,0.41,1767000715.0584686
fear,0.36,1767000715.1917186
fear,0.48,1767000715.3264964
fear,0.54,1767000715.4656932
angry,0.32,1767000715.6400387
fear,0.32,1767000715.8097477
fear,0.44,1767000715.9575276
fear,0.46,1767000716.0998278
fear,0.41,1767000716.2270918
fear,0.44,1767000716.354673
fear,0.48,1767000716.5034544
fear,0.48,1767000716.6326113
fear,0.4,1767000716.7872434
fear,0.43,1767000716.939959
fear,0.4,1767000717.100096
angry,0.4,1767000717.2778885
angry,0.37,1767000717.4317312
neutral,0.73,1767000717.5955062
neutral,0.55,1767000717.7316213
angry,0.33,1767000717.8635764
neutral,0.4,1767000718.0412178
angry,0.39,1767000718.29723
angry,0.45,1767000718.4664547
neutral,0.56,1767000718.5970135
neutral,0.37,1767000718.7414417
neutral,0.42,1767000718.860652
neutral,0.48,1767000719.003844
neutral,0.41,1767000719.1488435
neutral,0.45,1767000719.306347
neutral,0.68,1767000719.4602969
neutral,0.48,1767000719.5921266
neutral,0.33,1767000719.7301207
neutral,0.33,1767000719.8635304
neutral,0.42,1767000720.0462284
sad,0.35,1767000720.191328
neutral,0.43,1767000720.3271651
neutral,0.27,1767000720.4672909
neutral,0.3,1767000720.597356
neutral,0.42,1767000720.7175517
neutral,0.4,1767000720.8743267
neutral,0.35,1767000721.0321202
neutral,0.33,1767000721.1978345
neutral,0.35,1767000721.3380246
fear,0.31,1767000721.495243
fear,0.39,1767000721.6663582
fear,0.39,1767000721.8091507
neutral,0.31,1767000721.9664636
fear,0.33,1767000722.1039114
fear,0.46,1767000722.2523007
fear,0.45,1767000722.3804085
fear,0.49,1767000722.5306017
fear,0.43,1767000722.6623855
fear,0.4,1767000722.802214
angry,0.31,1767000722.9306178
fear,0.37,1767000723.0619717
fear,0.41,1767000723.1919546
fear,0.34,1767000723.3321614
angry,0.33,1767000723.4643657
fear,0.32,1767000723.6362894
fear,0.33,1767000723.7657616
neutral,0.29,1767000723.8975303
fear,0.29,1767000724.0714378
angry,0.32,1767000724.2269363
neutral,0.31,1767000724.3608885
fear,0.3,1767000724.4993136
neutral,0.37,1767000724.6307716
angry,0.31,1767000724.7610772
angry,0.3,1767000724.9033105
angry,0.35,1767000725.0662282
angry,0.48,1767000725.240802
angry,0.4,1767000725.395943
angry,0.35,1767000725.5285275
angry,0.37,1767000725.6724143
angry,0.42,1767000725.8333492
angry,0.6,1767000725.989644
angry,0.53,1767000726.1355324
angry,0.53,1767000726.256745
angry,0.44,1767000726.3880246
neutral,0.33,1767000726.5375447
angry,0.46,1767000726.7911887
angry,0.41,1767000726.9348469
neutral,0.29,1767000727.09004
fear,0.3,1767000727.2378817
neutral,0.36,1767000727.3672283
neutral,0.34,1767000727.4951577
angry,0.28,1767000727.672882
angry,0.37,1767000727.8284628
happy,0.38,1767000728.0818644
happy,0.42,1767000728.2414646
happy,0.79,1767000728.4042432
happy,0.42,1767000728.528601
happy,0.51,1767000728.6597145
happy,0.83,1767000728.7840989
happy,0.73,1767000728.9314437
happy,0.87,1767000729.0661101
happy,0.76,1767000729.2379653
happy,0.89,1767000729.3707683
happy,0.81,1767000729.5256543
happy,0.88,1767000729.665828
happy,0.9,1767000729.8059916
happy,0.73,1767000729.9571426
fear,0.56,1767000730.1024656
fear,0.32,1767000730.2578244
sad,0.38,1767000730.3897393
neutral,0.34,1767000730.5335987
sad,0.33,1767000730.6618788
neutral,0.32,1767000730.7818081
neutral,0.38,1767000730.9366674
angry,0.44,1767000731.0924146
angry,0.41,1767000731.2243273
angry,0.47,1767000731.3662474
angry,0.5,1767000731.4959698
angry,0.41,1767000731.6670866
angry,0.37,1767000731.7871933
sad,0.43,1767000731.9290676
sad,0.45,1767000732.1069212
sad,0.36,1767000732.2652795
neutral,0.39,1767000732.4229634
sad,0.37,1767000732.5643125
neutral,0.56,1767000732.6995418
sad,0.42,1767000732.870993
sad,0.39,1767000733.0256007
sad,0.41,1767000733.1634393
neutral,0.38,1767000733.2988875
neutral,0.64,1767000733.4339433
neutral,0.65,1767000733.580502
neutral,0.68,1767000733.731061
neutral,0.59,1767000733.8541489
neutral,0.56,1767000733.9964528
neutral,0.77,1767000734.1360357
neutral,0.65,1767000734.2915668
neutral,0.85,1767000734.4218342
neutral,0.88,1767000734.5578673
neutral,0.88,1767000734.7070594
neutral,0.87,1767000734.8750536
neutral,0.78,1767000735.0358608
neutral,0.81,1767000735.1863122
neutral,0.82,1767000735.3325834
neutral,0.84,1767000735.453417
neutral,0.84,1767000735.592791
neutral,0.86,1767000735.7336187
neutral,0.89,1767000735.8561068
neutral,0.9,1767000735.989998
neutral,0.9,1767000736.1421041
neutral,0.93,1767000736.3013592
neutral,0.9,1767000736.4656758
neutral,0.89,1767000736.60085
neutral,0.89,1767000736.75885
neutral,0.89,1767000736.90623
neutral,0.87,1767000737.0670638
neutral,0.89,1767000737.2264867
neutral,0.87,1767000737.360522
neutral,0.63,1767000737.5036716
neutral,0.86,1767000737.6706166
neutral,0.83,1767000737.7918313
neutral,0.83,1767000737.9295604
neutral,0.85,1767000738.0959685
neutral,0.78,1767000738.2434547
neutral,0.85,1767000738.3892338
neutral,0.86,1767000738.5353143
neutral,0.87,1767000738.69024
neutral,0.84,1767000738.8241777
neutral,0.68,1767000738.9725835
happy,0.72,1767000739.1266904
happy,0.71,1767000739.3062446
happy,0.73,1767000739.4612343
happy,0.78,1767000739.5915716
happy,0.82,1767000739.7314475
happy,0.8,1767000739.8721805
happy,0.71,1767000740.0256145
happy,0.75,1767000740.16163
happy,0.49,1767000740.3017578
neutral,0.92,1767000740.47513
neutral,0.83,1767000740.6280835
neutral,0.82,1767000740.7501335
neutral,0.76,1767000740.9021065
neutral,0.47,1767000741.0678086
sad,0.31,1767000741.2165003
neutral,0.32,1767000741.3730075
neutral,0.51,1767000741.5249221
neutral,0.47,1767000741.6688492
neutral,0.41,1767000741.7924142
neutral,0.39,1767000741.9346514
sad,0.38,1767000742.0952253
sad,0.43,1767000742.2330787
sad,0.56,1767000742.402421
sad,0.61,1767000742.538913
sad,0.62,1767000742.7070298
sad,0.62,1767000742.8639364
sad,0.67,1767000742.9946508
sad,0.68,1767000743.1357787
sad,0.67,1767000743.3027327
sad,0.62,1767000743.4369195
sad,0.66,1767000743.595953
sad,0.68,1767000743.7305415
sad,0.64,1767000743.8681605
sad,0.6,1767000744.0186102
sad,0.54,1767000744.1712902
sad,0.66,1767000744.3277988
sad,0.64,1767000744.5066822
sad,0.6,1767000744.662095
sad,0.61,1767000744.790545
sad,0.57,1767000744.940009
sad,0.58,1767000745.0930023
sad,0.54,1767000745.2173772
sad,0.54,1767000745.3674192
sad,0.56,1767000745.494106
sad,0.51,1767000745.6185029
sad,0.53,1767000745.765555
sad,0.56,1767000745.8931916
sad,0.55,1767000746.022203
sad,0.51,1767000746.1696942
sad,0.62,1767000746.334667
sad,0.66,1767000746.5002673
sad,0.62,1767000746.6341195
sad,0.66,1767000746.7945592
sad,0.67,1767000746.931692
sad,0.62,1767000747.0653253
sad,0.57,1767000747.2215965
sad,0.57,1767000747.3728323
sad,0.6,1767000747.535082
sad,0.61,1767000747.710671
sad,0.63,1767000747.8657606
sad,0.65,1767000748.0211666
sad,0.63,1767000748.1736076
sad,0.68,1767000748.33449
sad,0.62,1767000748.5078843
sad,0.66,1767000748.6632242
sad,0.64,1767000748.8229
sad,0.58,1767000748.9620292
sad,0.58,1767000749.0829103
sad,0.59,1767000749.2247884
sad,0.62,1767000749.3709521
sad,0.63,1767000749.534195
sad,0.58,1767000749.7105494
sad,0.56,1767000749.8710563
sad,0.43,1767000750.0324745
sad,0.42,1767000750.1617706
sad,0.35,1767000750.299289
neutral,0.48,1767000750.4680283
neutral,0.46,1767000750.5963166
neutral,0.56,1767000750.7340014
neutral,0.62,1767000750.9111593
neutral,0.57,1767000751.0697854
neutral,0.54,1767000751.2231228
neutral,0.64,1767000751.3682108
neutral,0.67,1767000751.5248978
neutral,0.56,1767000751.6769626
neutral,0.57,1767000751.8383503
neutral,0.55,1767000751.9998813
neutral,0.72,1767000752.1283278
neutral,0.54,1767000752.2655501
neutral,0.69,1767000752.4204779
neutral,0.52,1767000752.5637143
neutral,0.57,1767000752.6928601
neutral,0.45,1767000752.8221743
neutral,0.59,1767000752.9712873
neutral,0.37,1767000753.1217895
neutral,0.47,1767000753.2637239
neutral,0.4,1767000753.4046638
neutral,0.63,1767000753.564202
neutral,0.69,1767000753.7044733
neutral,0.48,1767000753.865069
neutral,0.41,1767000754.0276206
neutral,0.45,1767000754.1582649
neutral,0.44,1767000754.298547
neutral,0.4,1767000754.4826534
neutral,0.51,1767000754.6357725
neutral,0.53,1767000754.7899415
neutral,0.56,1767000754.936805
sad,0.34,1767000755.1090991
sad,0.29,1767000755.2726908
fear,0.45,1767000755.436915
fear,0.31,1767000755.597033
sad,0.34,1767000755.7354548
sad,0.44,1767000755.89751
angry,0.52,1767000756.0755043
angry,0.44,1767000756.2332883
angry,0.32,1767000756.396396
fear,0.31,1767000756.5343285
fear,0.35,1767000756.7001731
fear,0.37,1767000756.871388
fear,0.35,1767000757.0257883
neutral,0.46,1767000757.159064
neutral,0.42,1767000757.3021212
neutral,0.39,1767000757.4344184
fear,0.36,1767000757.597635
neutral,0.34,1767000757.735426
neutral,0.45,1767000757.8918822
fear,0.5,1767000758.0279388
fear,0.38,1767000758.173511
fear,0.43,1767000758.3252559
fear,0.38,1767000758.4782434
fear,0.48,1767000758.638454
fear,0.52,1767000758.7862496
fear,0.53,1767000758.9353292
fear,0.43,1767000759.099567
sad,0.41,1767000759.2738853
sad,0.38,1767000759.439449
sad,0.39,1767000759.5922148
sad,0.4,1767000759.7410245
neutral,0.33,1767000759.8941588
sad,0.41,1767000760.0612037
sad,0.41,1767000760.2032092
sad,0.53,1767000760.3549714
sad,0.42,1767000760.506381
neutral,0.57,1767000760.6653576
neutral,0.42,1767000760.8227546
neutral,0.46,1767000760.9660447
neutral,0.47,1767000761.100561
sad,0.39,1767000761.2743306
sad,0.45,1767000761.4382646
fear,0.46,1767000761.5916836
sad,0.49,1767000761.7316532
sad,0.46,1767000761.8673484
sad,0.41,1767000762.0245004
sad,0.41,1767000762.1657975
sad,0.44,1767000762.292779
fear,0.43,1767000762.4156342
sad,0.46,1767000762.5685134
sad,0.34,1767000762.7261162
sad,0.43,1767000762.872711
neutral,0.38,1767000763.0291438
sad,0.37,1767000763.163443
neutral,0.36,1767000763.307626
sad,0.27,1767000763.4646513
neutral,0.31,1767000763.6327453
neutral,0.37,1767000763.7669578
fear,0.33,1767000763.9284368
fear,0.32,1767000764.1020463
neutral,0.35,1767000764.2339394
neutral,0.42,1767000764.39253
neutral,0.35,1767000764.5345676
neutral,0.31,1767000764.7013755
neutral,0.31,1767000764.8738089
happy,0.43,1767000765.0287147
happy,0.51,1767000765.163372
happy,0.51,1767000765.3002658
neutral,0.46,1767000765.4248269
neutral,0.48,1767000765.5595164
neutral,0.67,1767000765.7103221
neutral,0.47,1767000765.8666353
neutral,0.62,1767000766.0282087
neutral,0.62,1767000766.1667383
neutral,0.46,1767000766.3458219
neutral,0.57,1767000766.5047164
neutral,0.47,1767000766.6691282
neutral,0.65,1767000766.8262057
neutral,0.59,1767000766.9947824
neutral,0.45,1767000767.137076
neutral,0.38,1767000767.301744
happy,0.33,1767000767.433047
neutral,0.36,1767000767.7110825
neutral,0.49,1767000767.870402
neutral,0.53,1767000768.0299408
neutral,0.67,1767000768.1740072
neutral,0.6,1767000768.3396301
happy,0.42,1767000768.5065434
angry,0.29,1767000768.658895
angry,0.32,1767000769.4951663
neutral,0.51,1767000769.6474576
happy,0.57,1767000769.806428
happy,0.75,1767000769.9601438
happy,0.94,1767000770.1304817
happy,0.94,1767000770.2653353
happy,0.96,1767000770.4267879
happy,0.98,1767000770.5692298
happy,0.99,1767000770.7352028
happy,0.99,1767000770.9038258
happy,0.99,1767000771.0802047
happy,0.98,1767000771.2327423
happy,0.99,1767000771.3808424
happy,0.99,1767000771.5333076
happy,0.99,1767000771.718159
happy,0.99,1767000771.8629713
happy,0.99,1767000771.9982255
happy,0.99,1767000772.155215
happy,0.98,1767000772.303805
happy,0.99,1767000772.450304
happy,0.99,1767000772.6162107
happy,0.98,1767000772.7754245
happy,0.99,1767000772.9478781
happy,0.98,1767000773.1158109
happy,0.98,1767000773.2635505
happy,0.97,1767000773.4028027
happy,0.91,1767000773.5659344
neutral,0.6,1767000773.7480032
neutral,0.34,1767000773.9052846
neutral,0.42,1767000774.6768143
angry,0.25,1767000774.8416224
neutral,0.58,1767000774.9999406
neutral,0.67,1767000775.1688335
neutral,0.77,1767000775.3503425
neutral,0.68,1767000775.500149
neutral,0.74,1767000775.6790626
neutral,0.6,1767000775.830746
neutral,0.65,1767000776.0010426
neutral,0.65,1767000776.155486
neutral,0.66,1767000776.3159378
neutral,0.46,1767000776.475655
happy,0.38,1767000776.6525311
neutral,0.35,1767000776.8000817
happy,0.45,1767000776.9511073
neutral,0.56,1767000777.1130943
neutral,0.47,1767000777.2754035
happy,0.29,1767000777.4304042
happy,0.87,1767000777.6687605
happy,0.79,1767000777.8253121
happy,0.66,1767000777.993023
happy,0.77,1767000778.1660616
neutral,0.42,1767000778.5267081
happy,0.57,1767000778.6719315
neutral,0.41,1767000778.8402424
neutral,0.54,1767000778.9854887
neutral,0.65,1767000779.13159
happy,0.55,1767000779.3078976
neutral,0.61,1767000779.4733489
neutral,0.73,1767000779.6335955
happy,0.44,1767000779.7805107
happy,0.72,1767000779.9451666
happy,0.8,1767000780.1199586
happy,0.72,1767000780.2689846
surprise,0.42,1767000780.4294295
surprise,0.49,1767000780.5837333
surprise,0.62,1767000780.7467616
fear,0.44,1767000780.9107518
surprise,0.3,1767000781.0726078
surprise,0.85,1767000781.2309325
surprise,0.68,1767000781.376476
surprise,0.83,1767000781.5387263
surprise,0.81,1767000781.7139037
surprise,0.84,1767000781.876076
surprise,0.75,1767000782.0358453
surprise,0.83,1767000782.1802132
surprise,0.79,1767000782.3424337
surprise,0.8,1767000782.5125325
surprise,0.62,1767000782.6657608
fear,0.38,1767000782.8319254
surprise,0.5,1767000782.9803894
fear,0.57,1767000783.1436694
fear,0.4,1767000783.317122
surprise,0.38,1767000783.4723985
neutral,0.38,1767000783.6349552
neutral,0.5,1767000783.7972188
neutral,0.41,1767000783.9540021
neutral,0.73,1767000784.1225376
neutral,0.73,1767000784.279999
neutral,0.46,1767000784.4438736
surprise,0.45,1767000784.6240337
neutral,0.59,1767000784.7895684
surprise,0.37,1767000784.9685793
neutral,0.57,1767000785.1488242
neutral,0.67,1767000785.3221266
neutral,0.74,1767000785.4886985
neutral,0.77,1767000785.6384346
neutral,0.78,1767000785.7915502
neutral,0.85,1767000785.9558268
neutral,0.76,1767000786.12875
neutral,0.66,1767000786.2831647
neutral,0.96,1767000786.4429195
neutral,0.86,1767000786.617736
neutral,0.84,1767000786.775632
neutral,0.81,1767000786.9477718
neutral,0.87,1767000787.1203892
neutral,0.89,1767000787.280622
neutral,0.9,1767000787.4690301
neutral,0.9,1767000787.6540225
neutral,0.92,1767000787.8265326
neutral,0.77,1767000788.0930316
neutral,0.81,1767000788.2654226
neutral,0.79,1767000788.4606552
neutral,0.72,1767000788.6299736
neutral,0.39,1767000789.472342
neutral,0.71,1767000789.6656103
neutral,0.68,1767000789.8368237
neutral,0.73,1767000790.0375714
neutral,0.83,1767000790.201954
neutral,0.69,1767000790.382891
neutral,0.64,1767000790.5690804
neutral,0.82,1767000790.7609234
neutral,0.58,1767000790.9491684
neutral,0.66,1767000791.124441
neutral,0.88,1767000791.2923484
neutral,0.74,1767000791.4833062
happy,0.37,1767000791.6760368
neutral,0.65,1767000791.8897543
neutral,0.32,1767000792.0651565
neutral,0.54,1767000792.2329144
neutral,0.5,1767000792.4273489
neutral,0.53,1767000792.5953548
neutral,0.73,1767000792.7700949
neutral,0.75,1767000792.9600089
neutral,0.68,1767000793.1065006
neutral,0.74,1767000793.2782848
neutral,0.71,1767000793.4502895
neutral,0.65,1767000793.6049137
neutral,0.85,1767000793.74646
neutral,0.67,1767000793.904958
neutral,0.31,1767000794.0723486
neutral,0.47,1767000794.242347
neutral,0.53,1767000794.4029317
neutral,0.31,1767000794.5505576
neutral,0.78,1767000794.7107205
neutral,0.8,1767000794.8641267
neutral,0.76,1767000795.0213113
neutral,0.72,1767000795.175924
happy,0.29,1767000795.348606
happy,0.44,1767000796.917151
happy,0.43,1767000797.092159
neutral,0.5,1767000797.2552059
neutral,0.48,1767000797.4180915
neutral,0.52,1767000797.579657
neutral,0.49,1767000797.7649443
neutral,0.59,1767000797.9144907
neutral,0.66,1767000798.0766623
neutral,0.69,1767000798.248308
neutral,0.58,1767000798.4115794
neutral,0.58,1767000798.584306
neutral,0.75,1767000798.7438467
neutral,0.7,1767000798.9251544
neutral,0.8,1767000799.0928993
neutral,0.85,1767000799.2582443
neutral,0.79,1767000799.4232402
happy,0.52,1767000799.593472
happy,0.8,1767000799.7661226
happy,0.81,1767000799.9332042
happy,0.79,1767000800.1452649
happy,0.65,1767000800.3371263
happy,0.75,1767000800.5363257
happy,0.69,1767000800.7285254
happy,0.52,1767000800.8899639
happy,0.64,1767000801.0664744
angry,0.26,1767000801.2488384
happy,0.65,1767000801.4357622
happy,0.7,1767000801.6333053
happy,0.4,1767000801.8006847
happy,0.8,1767000801.9791667
happy,0.75,1767000802.1820004
sad,0.3,1767000802.364015
angry,0.38,1767000802.5598779
angry,0.34,1767000802.7348611
angry,0.43,1767000802.9368055
fear,0.35,1767000803.098546
angry,0.27,1767000803.301643
fear,0.31,1767000803.4622402
angry,0.52,1767000803.6344676
angry,0.45,1767000803.8052714
angry,0.37,1767000803.9998999
angry,0.3,1767000804.1752508
fear,0.34,1767000804.3619797
angry,0.35,1767000804.5654864
angry,0.31,1767000804.7311625
fear,0.33,1767000804.9387438
angry,0.37,1767000805.1175125
fear,0.38,1767000805.2606423
neutral,0.38,1767000805.414298
angry,0.29,1767000805.5719974
angry,0.38,1767000805.7492487
angry,0.34,1767000805.9099782
neutral,0.4,1767000806.0768392
neutral,0.46,1767000806.253273
neutral,0.38,1767000806.4071913
neutral,0.35,1767000806.5786445
neutral,0.35,1767000806.7373354
neutral,0.39,1767000806.9190526
fear,0.34,1767000807.0763702
neutral,0.42,1767000807.2449553
neutral,0.45,1767000807.4395332
neutral,0.46,1767000807.6132123
neutral,0.46,1767000807.7744908
neutral,0.64,1767000807.9407172
neutral,0.69,1767000808.1166797
neutral,0.6,1767000808.277891
neutral,0.66,1767000808.4442995
neutral,0.51,1767000808.6259515
neutral,0.48,1767000808.7796683
neutral,0.46,1767000808.9506865
neutral,0.33,1767000809.110201
neutral,0.33,1767000809.26859
neutral,0.31,1767000809.4137483
angry,0.38,1767000809.5731986
angry,0.38,1767000809.7584693
angry,0.37,1767000809.9082685
angry,0.34,1767000810.0723329
angry,0.32,1767000810.2416534
angry,0.4,1767000810.4099872
angry,0.39,1767000810.5875204
neutral,0.39,1767000810.7410054
neutral,0.52,1767000810.8907459
neutral,0.45,1767000811.040957
neutral,0.44,1767000811.2040863
neutral,0.4,1767000811.3782218
neutral,0.5,1767000811.5397506
neutral,0.48,1767000811.6931734
neutral,0.33,1767000811.8508987
neutral,0.3,1767000812.0075514
neutral,0.32,1767000812.1728845
fear,0.33,1767000812.336532
fear,0.32,1767000812.4997785
angry,0.42,1767000812.641472
neutral,0.69,1767000812.8029459
neutral,0.64,1767000812.98419
neutral,0.74,1767000813.1312802
neutral,0.68,1767000813.3001351
neutral,0.73,1767000813.4540746
neutral,0.75,1767000813.6029758
neutral,0.72,1767000813.7731287
neutral,0.63,1767000813.939817
neutral,0.69,1767000814.0978148
neutral,0.72,1767000814.2546723
neutral,0.71,1767000814.4083114
neutral,0.76,1767000814.5845008
neutral,0.82,1767000814.747584
neutral,0.82,1767000814.9077747
neutral,0.84,1767000815.0809867
neutral,0.81,1767000815.2370787
neutral,0.79,1767000815.3854825
neutral,0.81,1767000815.5383894
neutral,0.73,1767000815.6969035
neutral,0.76,1767000815.8490233
neutral,0.75,1767000816.0068376
neutral,0.69,1767000816.1744936
neutral,0.47,1767000816.343359
fear,0.42,1767000816.4990206
fear,0.42,1767000816.647846
fear,0.41,1767000816.7948618
fear,0.34,1767000816.980811
fear,0.41,1767000817.139962
fear,0.4,1767000817.2931278
fear,0.42,1767000817.439626
fear,0.31,1767000817.5973518
fear,0.41,1767000817.7784503
fear,0.56,1767000817.9430718
fear,0.58,1767000818.0880423
fear,0.44,1767000818.2374716
fear,0.45,1767000818.4037156
fear,0.38,1767000818.571147
fear,0.45,1767000818.7380233
fear,0.51,1767000818.9040582
fear,0.44,1767000819.0793447
fear,0.44,1767000819.2288966
fear,0.4,1767000819.3799381
fear,0.41,1767000819.5352094
neutral,0.41,1767000819.6976295
neutral,0.32,1767000819.8523638
neutral,0.39,1767000820.0054045
neutral,0.43,1767000820.1781652
neutral,0.34,1767000820.3367436
fear,0.36,1767000820.497182
sad,0.43,1767000820.639919
sad,0.33,1767000820.7948828
fear,0.38,1767000820.9777796
sad,0.48,1767000821.1406085
sad,0.36,1767000821.2910888
sad,0.42,1767000821.439746
sad,0.35,1767000821.600007
sad,0.42,1767000821.776416
sad,0.4,1767000821.9369402
sad,0.39,1767000822.098259
sad,0.42,1767000822.2512677
sad,0.41,1767000822.4018142
sad,0.41,1767000822.5859864
sad,0.42,1767000822.7355273
sad,0.38,1767000822.8971813
sad,0.38,1767000823.0384004
sad,0.46,1767000823.2141335
sad,0.39,1767000823.3839908
neutral,0.48,1767000823.540606
neutral,0.5,1767000823.692883
neutral,0.52,1767000823.8439262
neutral,0.52,1767000823.99932
neutral,0.44,1767000824.173292
neutral,0.49,1767000824.3549535
neutral,0.4,1767000824.5164828
sad,0.39,1767000824.6971483
neutral,0.34,1767000824.890599
sad,0.33,1767000825.052394
sad,0.37,1767000825.2086437
neutral,0.39,1767000825.3761923
sad,0.32,1767000825.5400786
neutral,0.37,1767000825.7005932
neutral,0.33,1767000825.842871
neutral,0.33,1767000826.0088012
neutral,0.39,1767000826.1859736
neutral,0.38,1767000826.3372712
fear,0.36,1767000826.5058181
neutral,0.37,1767000826.6798546
neutral,0.37,1767000826.8349056
neutral,0.39,1767000827.002014
neutral,0.44,1767000827.1755955
fear,0.29,1767000827.3506835
sad,0.37,1767000827.5192223
fear,0.32,1767000827.669962
fear,0.33,1767000827.8178816
neutral,0.34,1767000827.9720638
fear,0.33,1767000828.1350052
fear,0.36,1767000828.2830868
sad,0.32,1767000828.443373
fear,0.45,1767000828.6120925
fear,0.42,1767000828.7674248
fear,0.49,1767000828.9472735
fear,0.46,1767000829.1068044
fear,0.46,1767000829.264064
fear,0.43,1767000829.4201856
fear,0.47,1767000829.5846686
fear,0.48,1767000829.7628107
fear,0.47,1767000829.9212754
fear,0.48,1767000830.0813813
fear,0.46,1767000830.2532573
fear,0.39,1767000830.4034367
fear,0.4,1767000830.587112
sad,0.46,1767000830.7378142
sad,0.47,1767000830.8983412
sad,0.41,1767000831.045315
fear,0.39,1767000831.1993756
fear,0.39,1767000831.3746486
fear,0.44,1767000831.5442877
sad,0.41,1767000831.7073288
sad,0.4,1767000831.88207
sad,0.41,1767000832.0328398
sad,0.41,1767000832.1802924
sad,0.36,1767000832.3390536
sad,0.45,1767000832.4990087
sad,0.43,1767000832.6358984
sad,0.42,1767000832.8056002
sad,0.41,1767000832.9782507
sad,0.43,1767000833.1342597
sad,0.4,1767000833.2923484
sad,0.53,1767000833.4475315
sad,0.51,1767000833.6029253
sad,0.35,1767000833.777847
fear,0.52,1767000833.9412506
sad,0.4,1767000834.0889683
fear,0.47,1767000834.2430685
fear,0.42,1767000834.4026997
fear,0.42,1767000834.5783339
fear,0.46,1767000834.7422643
fear,0.49,1767000834.899153
fear,0.41,1767000835.0371747
fear,0.4,1767000835.1966705
fear,0.41,1767000835.3625767
fear,0.45,1767000835.4966953
fear,0.53,1767000835.6578531
fear,0.45,1767000835.803218
sad,0.45,1767000835.9687698
sad,0.5,1767000836.1308289
sad,0.44,1767000836.264154
sad,0.47,1767000836.4216175
sad,0.48,1767000836.5666995
sad,0.45,1767000836.745675
sad,0.41,1767000836.8936005
sad,0.4,1767000837.0503547
fear,0.43,1767000837.1935585
sad,0.37,1767000837.3840675
fear,0.36,1767000837.5351894
fear,0.38,1767000837.6987789
sad,0.43,1767000837.8454962
fear,0.41,1767000837.999211
sad,0.41,1767000838.1828978
fear,0.37,1767000838.3371065
sad,0.34,1767000838.4901803
fear,0.42,1767000838.6539516
neutral,0.33,1767000838.8170347
sad,0.38,1767000838.990636
fear,0.34,1767000839.1443236
neutral,0.38,1767000839.3060873
fear,0.47,1767000839.464895
sad,0.35,1767000839.646291
fear,0.36,1767000839.8337102
fear,0.33,1767000840.0466638
neutral,0.33,1767000840.2506866
fear,0.36,1767000840.521409
fear,0.35,1767000840.7363904
neutral,0.35,1767000840.9418507
sad,0.33,1767000841.1438391
neutral,0.66,1767000841.3464203
neutral,0.66,1767000841.5410035
neutral,0.46,1767000841.7410595
neutral,0.47,1767000841.9765058
neutral,0.64,1767000842.1705768
neutral,0.56,1767000842.3654387
neutral,0.79,1767000842.5874424
neutral,0.55,1767000842.7608166
neutral,0.65,1767000842.9597077
neutral,0.59,1767000843.1291459
neutral,0.52,1767000843.321796
fear,0.35,1767000843.5172477
sad,0.49,1767000843.7045705
sad,0.48,1767000843.9070532
sad,0.56,1767000844.1244788
sad,0.47,1767000844.3220458
sad,0.43,1767000844.6050093
neutral,0.62,1767000844.8236163
neutral,0.66,1767000845.035428
neutral,0.68,1767000845.2304254
neutral,0.51,1767000845.3884616
neutral,0.63,1767000845.5486827
neutral,0.63,1767000845.7330852
sad,0.38,1767000845.92519
sad,0.46,1767000846.0737803
sad,0.39,1767000846.2410905
sad,0.45,1767000846.422103
sad,0.34,1767000846.6094017
sad,0.4,1767000846.7878387
sad,0.34,1767000846.982475
sad,0.34,1767000847.176068
neutral,0.42,1767000847.3790424
neutral,0.55,1767000847.5551014
neutral,0.47,1767000847.7233741
neutral,0.46,1767000847.9029484
happy,0.48,1767000848.1189487
happy,0.42,1767000848.29531
neutral,0.5,1767000848.4611816
neutral,0.56,1767000848.6208038
happy,0.52,1767000848.7824304
happy,0.56,1767000848.9649549
happy,0.61,1767000849.1169107
neutral,0.53,1767000849.275798
neutral,0.5,1767000849.4665728
neutral,0.44,1767000849.6731176
neutral,0.36,1767000849.8879583
neutral,0.39,1767000850.0797875
neutral,0.62,1767000850.296447
neutral,0.59,1767000850.4630182
happy,0.46,1767000850.653295
neutral,0.57,1767000850.8305378
neutral,0.52,1767000851.0260308
neutral,0.51,1767000851.1808307
fear,0.25,1767000851.3372896
angry,0.27,1767000851.515795
neutral,0.39,1767000851.6871912
neutral,0.45,1767000851.8530045
neutral,0.4,1767000852.0207005
neutral,0.39,1767000852.1934617
neutral,0.37,1767000852.3500473
sad,0.51,1767000852.5053148
sad,0.54,1767000852.6829672
sad,0.53,1767000852.842908
sad,0.52,1767000853.0225759
sad,0.57,1767000853.1806724
sad,0.55,1767000853.3381991
sad,0.51,1767000853.506987
sad,0.44,1767000853.6684525
sad,0.52,1767000853.8113244
sad,0.36,1767000853.9650779
sad,0.36,1767000854.1333573
sad,0.39,1767000854.2786448
happy,0.32,1767000854.4412394
happy,0.35,1767000854.613635
neutral,0.34,1767000854.7708979
neutral,0.37,1767000854.9360864
neutral,0.33,1767000855.100659
sad,0.46,1767000855.262606
sad,0.47,1767000855.4040353
sad,0.43,1767000855.5636883
sad,0.5,1767000855.7188232
sad,0.4,1767000855.8682458
sad,0.46,1767000856.0407395
sad,0.45,1767000856.207854
sad,0.46,1767000856.3828485
sad,0.34,1767000856.556883
sad,0.39,1767000856.7101948
neutral,0.38,1767000856.862419
neutral,0.42,1767000857.020709
sad,0.41,1767000857.1699128
neutral,0.44,1767000857.3356864
sad,0.35,1767000857.4776652
sad,0.42,1767000857.6414628
neutral,0.41,1767000857.8052936
neutral,0.39,1767000857.9708323
sad,0.37,1767000858.133307
sad,0.38,1767000858.2745008
neutral,0.37,1767000858.4273298
neutral,0.66,1767000858.609375
neutral,0.55,1767000858.7711399
happy,0.76,1767000858.9304197
sad,0.32,1767000859.0752122
neutral,0.37,1767000859.2348692
neutral,0.44,1767000859.4200892
fear,0.41,1767000859.572878
angry,0.39,1767000859.7282267
sad,0.27,1767000859.8820422
fear,0.27,1767000860.037656
fear,0.31,1767000860.2100203
fear,0.32,1767000860.3746274
fear,0.31,1767000860.533893
fear,0.33,1767000860.6779096
sad,0.29,1767000860.8408701
neutral,0.32,1767000861.0126824
sad,0.25,1767000861.1848774
fear,0.31,1767000861.3465657
fear,0.29,1767000861.5021362
angry,0.28,1767000861.6739602
fear,0.35,1767000861.8366582
fear,0.35,1767000862.0018723
fear,0.4,1767000862.171296
fear,0.39,1767000862.3215983
fear,0.43,1767000862.4579809
fear,0.46,1767000862.5937123
fear,0.31,1767000862.725904
fear,0.34,1767000862.856048
angry,0.35,1767000862.994467
angry,0.32,1767000863.125103
angry,0.35,1767000863.2556958
fear,0.36,1767000863.3998234
fear,0.52,1767000863.5270274
fear,0.43,1767000863.6988246
fear,0.47,1767000863.848562
fear,0.47,1767000863.9966867
fear,0.46,1767000864.1742072
fear,0.46,1767000864.3333626
fear,0.44,1767000864.4863105
fear,0.55,1767000864.6322496
fear,0.54,1767000864.790155
fear,0.61,1767000864.917593
fear,0.54,1767000865.062593
fear,0.6,1767000865.196067
fear,0.58,1767000865.3686736
fear,0.56,1767000865.5322022
fear,0.55,1767000865.695158
fear,0.56,1767000865.8482642
fear,0.54,1767000866.010301
fear,0.4,1767000866.177425
fear,0.45,1767000866.3287995
fear,0.42,1767000866.4934025
fear,0.37,1767000866.6375833
fear,0.37,1767000866.7926419
angry,0.44,1767000866.9636517
angry,0.54,1767000867.1037235
angry,0.47,1767000867.2627518
angry,0.5,1767000867.3967738
angry,0.43,1767000867.5225768
angry,0.45,1767000867.6636095
fear,0.47,1767000867.8030963
fear,0.5,1767000867.9620283
fear,0.55,1767000868.1293223
fear,0.51,1767000868.2734244
fear,0.55,1767000868.431538
fear,0.56,1767000868.6132987
fear,0.55,1767000868.7661796
fear,0.51,1767000868.9315996
fear,0.55,1767000869.0744753
fear,0.5,1767000869.2427278
fear,0.43,1767000869.4190698
angry,0.43,1767000869.5764852
angry,0.33,1767000869.7300982
angry,0.39,1767000869.876609
angry,0.35,1767000870.037257
angry,0.33,1767000870.2223053
angry,0.3,1767000870.4125733
angry,0.37,1767000870.6054535
angry,0.35,1767000870.7900255
angry,0.36,1767000870.9662323
angry,0.31,1767000871.1450863
happy,0.27,1767000871.3372629
fear,0.36,1767000871.5305774
fear,0.36,1767000871.7180433
fear,0.28,1767000871.8938427
fear,0.3,1767000872.0403547
neutral,0.37,1767000872.214525
neutral,0.5,1767000872.371252
happy,0.51,1767000872.5662653
happy,0.6,1767000872.7376668
happy,0.52,1767000872.9168744
happy,0.95,1767000873.14146
happy,0.94,1767000873.3513012
happy,0.97,1767000873.5433383
happy,0.97,1767000873.710231
happy,0.97,1767000873.8777187
happy,0.93,1767000874.0360785
happy,0.98,1767000874.2099245
happy,0.99,1767000874.3804874
happy,0.98,1767000874.5371888
happy,0.97,1767000874.712469
happy,0.87,1767000874.8729472
happy,0.91,1767000875.0625641
happy,0.35,1767000875.229922
fear,0.38,1767000875.5734994
sad,0.33,1767000875.7752779
neutral,0.61,1767000875.9689837
happy,0.43,1767000876.1845121
neutral,0.67,1767000876.4075797
neutral,0.81,1767000876.632387
neutral,0.93,1767000876.8207648
neutral,0.76,1767000877.0217934
neutral,0.86,1767000877.1860785
neutral,0.81,1767000877.3416376
neutral,0.69,1767000877.509218
neutral,0.73,1767000877.6796205
neutral,0.72,1767000877.8556633
neutral,0.77,1767000878.0100298
neutral,0.85,1767000878.1845357
neutral,0.85,1767000878.3457205
neutral,0.78,1767000878.5073192
neutral,0.71,1767000878.6795194
neutral,0.72,1767000878.8453515
neutral,0.82,1767000879.0169914
neutral,0.76,1767000879.1818366
neutral,0.63,1767000879.3349288
neutral,0.58,1767000879.5156455
neutral,0.48,1767000879.6768608
neutral,0.53,1767000879.8511355
neutral,0.56,1767000880.0111659
neutral,0.61,1767000880.1794379
neutral,0.63,1767000880.3425927
neutral,0.75,1767000880.499456
neutral,0.72,1767000880.646829
neutral,0.78,1767000880.8109632
neutral,0.76,1767000880.9881778
neutral,0.81,1767000881.143402
neutral,0.85,1767000881.3014827
neutral,0.8,1767000881.4503598
neutral,0.67,1767000881.6151044
neutral,0.75,1767000881.7858782
neutral,0.57,1767000881.9422433
neutral,0.57,1767000882.1031375
neutral,0.5,1767000882.2833612
neutral,0.52,1767000882.447216
neutral,0.56,1767000882.6194992
neutral,0.64,1767000882.782974
neutral,0.83,1767000882.9455287
neutral,0.68,1767000883.1185877
neutral,0.45,1767000883.2785287
neutral,0.79,1767000883.4517212
neutral,0.63,1767000883.6317234
neutral,0.88,1767000883.8370414
surprise,0.36,1767000884.022551
neutral,0.38,1767000884.2003047
neutral,0.86,1767000884.3958807
neutral,0.9,1767000884.607718
neutral,0.82,1767000884.8091464
neutral,0.48,1767000885.02423
neutral,0.73,1767000885.1880703
neutral,0.86,1767000885.3415656
neutral,0.85,1767000885.5106966
neutral,0.79,1767000885.6771173
neutral,0.54,1767000885.8587692
neutral,0.8,1767000886.0120664
neutral,0.85,1767000886.1815095
neutral,0.81,1767000886.348635
neutral,0.88,1767000886.5048323
neutral,0.92,1767000886.6844156
neutral,0.88,1767000886.8381677
neutral,0.85,1767000887.0495114
neutral,0.85,1767000887.2431078
neutral,0.62,1767000887.4608963
neutral,0.67,1767000887.6417477
